{
    "status": "ok",
    "feed": {
        "url": "https://rss.donga.com/sports.xml",
        "title": "동아닷컴 : 동아일보 스포츠 뉴스",
        "link": "https://www.donga.com/",
        "author": "",
        "description": "동아닷컴::RSS 서비스 | 동아일보 스포츠 뉴스",
        "image": "http://www.donga.com/news/04img/logo_com.gif"
    },
    "items": [
        {
            "title": "박해민 놓친 삼성, 백정현은 잡았다…4년 38억원에 계약",
            "pubDate": "2021-12-15 06:04:00",
            "link": "https://www.donga.com/news/Sports/article/all/20211215/110799472/1",
            "guid": "3b521701cb7a30b5e2c556715e02ed05",
            "author": "",
            "thumbnail": "https://dimg.donga.com/i/150/150/90/wps/NEWS/IMAGE/2021/12/15/110799083.2.jpg",
            "description": "\n<img src=\"https://dimg.donga.com/i/150/150/90/wps/NEWS/IMAGE/2021/12/15/110799083.2.jpg\" align=\"left\" vspace=\"10\" hspace=\"10\">2021시즌을 마치고 풀린 내부 자유계약선수(FA) 중 외야수 박해민을 놓친 삼성 라이온즈가 선발 투수 백정현을 잡는데는 성공했다.  삼성은 15일 FA 백정현과 4년 총액 38억원에 FA 계약을 체결했다고 발표했다. 4년간 계약금 14억원, 연봉 합계 20억원, 인센티브 합계 4억원 등의 조건이다.   2021시즌을 마친 뒤 삼성에서는 백정현과 박해민, 포수 강민호가 FA 자격을 얻었다. 셋 모두 팀 내에서 대체 자원을 찾기 힘든 만큼 삼성은 이번 겨울 내부 FA를 모두 잔류시키는 것을 목표로 삼았다.  하지만 주전 중견수이자 지난 시즌 주장을 맡은 박해민을 붙잡는데 실패했다. 박해민은 지난 14일 LG 트윈스와 4년 60억원에 계약, 삼성을 떠났다.  다른 내부 FA는 반드시 잡겠다고 강조한 삼성은 하루 뒤 백정현과 계약을 발표했다. 삼성은 “FA 협상 개시 후 백정현 측과 꾸준히 논의했고, 계약이 이르렀다”고 강조했다.  백정현은 대구상원고를 졸업하고 2007년 신인 드래프트에서 2차 1라운드 전체",
            "content": "\n<img src=\"https://dimg.donga.com/i/150/150/90/wps/NEWS/IMAGE/2021/12/15/110799083.2.jpg\" align=\"left\" vspace=\"10\" hspace=\"10\">2021시즌을 마치고 풀린 내부 자유계약선수(FA) 중 외야수 박해민을 놓친 삼성 라이온즈가 선발 투수 백정현을 잡는데는 성공했다.  삼성은 15일 FA 백정현과 4년 총액 38억원에 FA 계약을 체결했다고 발표했다. 4년간 계약금 14억원, 연봉 합계 20억원, 인센티브 합계 4억원 등의 조건이다.   2021시즌을 마친 뒤 삼성에서는 백정현과 박해민, 포수 강민호가 FA 자격을 얻었다. 셋 모두 팀 내에서 대체 자원을 찾기 힘든 만큼 삼성은 이번 겨울 내부 FA를 모두 잔류시키는 것을 목표로 삼았다.  하지만 주전 중견수이자 지난 시즌 주장을 맡은 박해민을 붙잡는데 실패했다. 박해민은 지난 14일 LG 트윈스와 4년 60억원에 계약, 삼성을 떠났다.  다른 내부 FA는 반드시 잡겠다고 강조한 삼성은 하루 뒤 백정현과 계약을 발표했다. 삼성은 “FA 협상 개시 후 백정현 측과 꾸준히 논의했고, 계약이 이르렀다”고 강조했다.  백정현은 대구상원고를 졸업하고 2007년 신인 드래프트에서 2차 1라운드 전체",
            "enclosure": {
                "link": "https://dimg.donga.com/i/150/150/90/wps/NEWS/IMAGE/2021/12/15/110799083.2.jpg",
                "type": "image/jpg"
            },
            "categories": []
        },
        {
            "title": "프로농구 원주 DB 김태술, 18일 은퇴식",
            "pubDate": "2021-12-15 05:42:00",
            "link": "https://www.donga.com/news/Sports/article/all/20211215/110798724/1",
            "guid": "ab2364c7386c5d4c2ec66a3396f1a2df",
            "author": "",
            "thumbnail": "https://dimg.donga.com/i/150/150/90/wps/NEWS/IMAGE/2021/12/15/110798538.2.jpg",
            "description": "\n<img src=\"https://dimg.donga.com/i/150/150/90/wps/NEWS/IMAGE/2021/12/15/110798538.2.jpg\" align=\"left\" vspace=\"10\" hspace=\"10\">프로농구 원주 DB가 지난 시즌을 끝으로 14년간의 프로 생활을 마감한 김태술(37)의 은퇴식을 오는 18일 고양 오리온과 홈 경기에서 개최한다고 15일 밝혔다.  부산동아고, 연세대를 졸업하고 2007년 드래프트 전체 1순위로 서울 SK에서 프로 데뷔한 김태술은 그해 51경기에서 평균 10.7점, 7.3어시스트를 기록하며 신인왕을 수상했고, 2011~2012시즌에는 첫 챔프전 우승을 거머쥐었다.  또 2019~2020시즌 DB로 이적해 옛 스승 이상범 감독과 재회한 김태술은 그해 정규리그 1위를 차지하는 데 큰 역할을 했다.  은퇴 후 농구선수를 꿈꾸는 학생들을 위한 유튜브 채널 오디션프로그램에 멘토 역할을 했던 김태술은 전문 연예 기획사와 계약을 맺으며 본격적인 방송 활동으로 시청자에게 활발하게 모습을 비추는 등 제2의 인생을 시작하고 있다.    김태술은 은퇴식과 관련해 “아무에게나 주어지지 않는 프로농구선수로 14년간 활동하면서 정말 행복했고 은퇴식을 마련해준 DB 선수단 및 구단관계자 분들에게",
            "content": "\n<img src=\"https://dimg.donga.com/i/150/150/90/wps/NEWS/IMAGE/2021/12/15/110798538.2.jpg\" align=\"left\" vspace=\"10\" hspace=\"10\">프로농구 원주 DB가 지난 시즌을 끝으로 14년간의 프로 생활을 마감한 김태술(37)의 은퇴식을 오는 18일 고양 오리온과 홈 경기에서 개최한다고 15일 밝혔다.  부산동아고, 연세대를 졸업하고 2007년 드래프트 전체 1순위로 서울 SK에서 프로 데뷔한 김태술은 그해 51경기에서 평균 10.7점, 7.3어시스트를 기록하며 신인왕을 수상했고, 2011~2012시즌에는 첫 챔프전 우승을 거머쥐었다.  또 2019~2020시즌 DB로 이적해 옛 스승 이상범 감독과 재회한 김태술은 그해 정규리그 1위를 차지하는 데 큰 역할을 했다.  은퇴 후 농구선수를 꿈꾸는 학생들을 위한 유튜브 채널 오디션프로그램에 멘토 역할을 했던 김태술은 전문 연예 기획사와 계약을 맺으며 본격적인 방송 활동으로 시청자에게 활발하게 모습을 비추는 등 제2의 인생을 시작하고 있다.    김태술은 은퇴식과 관련해 “아무에게나 주어지지 않는 프로농구선수로 14년간 활동하면서 정말 행복했고 은퇴식을 마련해준 DB 선수단 및 구단관계자 분들에게",
            "enclosure": {
                "link": "https://dimg.donga.com/i/150/150/90/wps/NEWS/IMAGE/2021/12/15/110798538.2.jpg",
                "type": "image/jpg"
            },
            "categories": []
        },
        {
            "title": "한화 ‘트럭시위’ 팬들에 사과…“응원과 질책 소중하다”",
            "pubDate": "2021-12-15 05:33:00",
            "link": "https://www.donga.com/news/Sports/article/all/20211215/110798575/1",
            "guid": "39d99528ff0b0b62449116d188d297b9",
            "author": "",
            "thumbnail": "https://dimg.donga.com/i/150/150/90/wps/NEWS/IMAGE/2021/12/15/110798493.2.jpg",
            "description": "\n<img src=\"https://dimg.donga.com/i/150/150/90/wps/NEWS/IMAGE/2021/12/15/110798493.2.jpg\" align=\"left\" vspace=\"10\" hspace=\"10\">한화 이글스가 팬들에게 고개를 숙였다.   한화는 15일 구단 공식 소셜네트워크서비스(SNS)를 통해 임직원 일동 명의로 사과문을 올렸다.   외부 자유계약선수(FA) 영입에 적극적으로 나설 것으로 보였던 한화가 미온적인 움직임을 보이자 팬들의 질타가 쏟아졌다. 크게 실망한 팬들은 그룹 본사에서 트럭 시위까지 벌이며 분노를 표출했다.  이에 대해 한화 구단은 “팀에 애정을 보내주시는 팬 여러분께 감사와 함께 송구하다는 말씀을 전한다. 한화는 따뜻한 응원과 발전적인 질책을 보내주시는 모든 팬 여러분들을 소중하게 생각하고 있으며 앞으로도 변치않는 마음으로 팬 여러분과 함께할 것”이라고 밝혔다.  최근 한화 팬들을 자극한 기사와 관련해 구단은 “구단은 기사에 대해 어떤 요청도 하지 않았다. 구단의 입장과 무관하다는 점을 분명히 밝히고 싶다”며 “기사에서 언급된 ‘농담조’ 대목 역시 오해의 소지가 있었다. 한화가 FA와 관련해 결코 가볍게 접근했다는 뜻이 아니었음을 확인했다”고 강조했다.  한화 구단은 “코로나",
            "content": "\n<img src=\"https://dimg.donga.com/i/150/150/90/wps/NEWS/IMAGE/2021/12/15/110798493.2.jpg\" align=\"left\" vspace=\"10\" hspace=\"10\">한화 이글스가 팬들에게 고개를 숙였다.   한화는 15일 구단 공식 소셜네트워크서비스(SNS)를 통해 임직원 일동 명의로 사과문을 올렸다.   외부 자유계약선수(FA) 영입에 적극적으로 나설 것으로 보였던 한화가 미온적인 움직임을 보이자 팬들의 질타가 쏟아졌다. 크게 실망한 팬들은 그룹 본사에서 트럭 시위까지 벌이며 분노를 표출했다.  이에 대해 한화 구단은 “팀에 애정을 보내주시는 팬 여러분께 감사와 함께 송구하다는 말씀을 전한다. 한화는 따뜻한 응원과 발전적인 질책을 보내주시는 모든 팬 여러분들을 소중하게 생각하고 있으며 앞으로도 변치않는 마음으로 팬 여러분과 함께할 것”이라고 밝혔다.  최근 한화 팬들을 자극한 기사와 관련해 구단은 “구단은 기사에 대해 어떤 요청도 하지 않았다. 구단의 입장과 무관하다는 점을 분명히 밝히고 싶다”며 “기사에서 언급된 ‘농담조’ 대목 역시 오해의 소지가 있었다. 한화가 FA와 관련해 결코 가볍게 접근했다는 뜻이 아니었음을 확인했다”고 강조했다.  한화 구단은 “코로나",
            "enclosure": {
                "link": "https://dimg.donga.com/i/150/150/90/wps/NEWS/IMAGE/2021/12/15/110798493.2.jpg",
                "type": "image/jpg"
            },
            "categories": []
        },
        {
            "title": "손흥민의 이란전 골, 국내 축구 팬 선정 ‘올해의 골’",
            "pubDate": "2021-12-15 04:34:00",
            "link": "https://www.donga.com/news/Sports/article/all/20211215/110797242/1",
            "guid": "e6edab4c1a134a746e72090312195084",
            "author": "",
            "thumbnail": "https://dimg.donga.com/i/150/150/90/wps/NEWS/IMAGE/2021/12/15/110797227.2.jpg",
            "description": "\n<img src=\"https://dimg.donga.com/i/150/150/90/wps/NEWS/IMAGE/2021/12/15/110797227.2.jpg\" align=\"left\" vspace=\"10\" hspace=\"10\"> 벤투호 ‘캡틴’ 손흥민(토트넘)의 이란전 선제골이 국내 축구 팬들이 뽑은 2021년 ‘올해의 골’로 선정됐다.  대한축구협회는 지난 1일부터 8일까지 홈페이지에서 실시한 팬 투표 결과 손흥민의 이란전 골이 전체 3547표 중 1026표를 받아 1위에 올랐다고 15일 밝혔다.  손흥민은 지난 10월12일 ‘지옥의 원정’으로 불리는 이란 테헤란의 아자디 스타디움에서 열린 이란과의 2022 카타르월드컵 아시아지역 최종예선 A조 4차전(1-1 무)에서 후반 3분 이재성(마인츠)의 패스를 받아 선제골을 넣었다.  황인범(루빈카잔)의 탈압박과 이재성의 패싱 감각, 손흥민의 침착한 마무리가 멋지게 어우러진 골이었다.  이로써 손흥민은 2015년(아시안컵 결승 호주전), 2016년(리우데자네이루올림픽 독일전), 2018년(러시아월드컵 독일전)에 이어 통산 4번째 축구협회 ‘올해의 골’에 선정됐다.  두 번째로 많은 표를 받은 건 투르크메니스탄과 월드컵 2차예선에서 황의조(보르도)의 힐킥 골이었다.  손흥민에",
            "content": "\n<img src=\"https://dimg.donga.com/i/150/150/90/wps/NEWS/IMAGE/2021/12/15/110797227.2.jpg\" align=\"left\" vspace=\"10\" hspace=\"10\"> 벤투호 ‘캡틴’ 손흥민(토트넘)의 이란전 선제골이 국내 축구 팬들이 뽑은 2021년 ‘올해의 골’로 선정됐다.  대한축구협회는 지난 1일부터 8일까지 홈페이지에서 실시한 팬 투표 결과 손흥민의 이란전 골이 전체 3547표 중 1026표를 받아 1위에 올랐다고 15일 밝혔다.  손흥민은 지난 10월12일 ‘지옥의 원정’으로 불리는 이란 테헤란의 아자디 스타디움에서 열린 이란과의 2022 카타르월드컵 아시아지역 최종예선 A조 4차전(1-1 무)에서 후반 3분 이재성(마인츠)의 패스를 받아 선제골을 넣었다.  황인범(루빈카잔)의 탈압박과 이재성의 패싱 감각, 손흥민의 침착한 마무리가 멋지게 어우러진 골이었다.  이로써 손흥민은 2015년(아시안컵 결승 호주전), 2016년(리우데자네이루올림픽 독일전), 2018년(러시아월드컵 독일전)에 이어 통산 4번째 축구협회 ‘올해의 골’에 선정됐다.  두 번째로 많은 표를 받은 건 투르크메니스탄과 월드컵 2차예선에서 황의조(보르도)의 힐킥 골이었다.  손흥민에",
            "enclosure": {
                "link": "https://dimg.donga.com/i/150/150/90/wps/NEWS/IMAGE/2021/12/15/110797227.2.jpg",
                "type": "image/jpg"
            },
            "categories": []
        },
        {
            "title": "한국 U-20 아이스하키, 스페인 꺾고 2연승…조 3위",
            "pubDate": "2021-12-15 02:10:00",
            "link": "https://www.donga.com/news/Sports/article/all/20211215/110794421/1",
            "guid": "eca7ac6dfb72715c0cd670b6075a2910",
            "author": "",
            "thumbnail": "https://dimg.donga.com/i/150/150/90/wps/NEWS/IMAGE/2021/12/15/110794312.2.jpg",
            "description": "\n<img src=\"https://dimg.donga.com/i/150/150/90/wps/NEWS/IMAGE/2021/12/15/110794312.2.jpg\" align=\"left\" vspace=\"10\" hspace=\"10\"> 한국 남자 20세 이하(U-20) 아이스하키 대표팀이 세계선수권대회에서 2연승을 달려 조 3위에 올랐다.  김우재 감독이 이끄는 대표팀은 14일(한국시간) 루마니아 브라쇼브의 올림픽 아이스링크에서 열린 2022 국제아이스하키연맹(IIHF) 남자 U-20 세계선수권 디비전2 그룹 A 대회(4부리그) 2차전에서 연장 혈투 끝에 스페인을 2-1로 꺾었다.  2연승을 달리며 승점 2를 보탠 한국은 승점 5를 기록, 이탈리아, 영국(이상 승점 6)에 이어 조 3위에 이름을 올렸다.  한국은 스페인과 2피리어드까지 0-0으로 팽팽히 맞섰다.  승부의 균형은 한국이 먼저 깼다. 3피리어드 1분59초 양정원(경복고)의 슈팅을 김무성(경기고)이 리바운드해 골대 뒤로 돌아 골을 터뜨렸다.  스페인은 경기 종료 2분 전 골리를 빼고 공격수를 투입하며 동점을 노렸다.  한국은 수적 열세 속에 문전 혼전 상황에서 동점골을 허용했다.  연장전에는 김우재 감독의 용병술이 빛났다.   김 감독의 판단으로 투입된 신동현(연",
            "content": "\n<img src=\"https://dimg.donga.com/i/150/150/90/wps/NEWS/IMAGE/2021/12/15/110794312.2.jpg\" align=\"left\" vspace=\"10\" hspace=\"10\"> 한국 남자 20세 이하(U-20) 아이스하키 대표팀이 세계선수권대회에서 2연승을 달려 조 3위에 올랐다.  김우재 감독이 이끄는 대표팀은 14일(한국시간) 루마니아 브라쇼브의 올림픽 아이스링크에서 열린 2022 국제아이스하키연맹(IIHF) 남자 U-20 세계선수권 디비전2 그룹 A 대회(4부리그) 2차전에서 연장 혈투 끝에 스페인을 2-1로 꺾었다.  2연승을 달리며 승점 2를 보탠 한국은 승점 5를 기록, 이탈리아, 영국(이상 승점 6)에 이어 조 3위에 이름을 올렸다.  한국은 스페인과 2피리어드까지 0-0으로 팽팽히 맞섰다.  승부의 균형은 한국이 먼저 깼다. 3피리어드 1분59초 양정원(경복고)의 슈팅을 김무성(경기고)이 리바운드해 골대 뒤로 돌아 골을 터뜨렸다.  스페인은 경기 종료 2분 전 골리를 빼고 공격수를 투입하며 동점을 노렸다.  한국은 수적 열세 속에 문전 혼전 상황에서 동점골을 허용했다.  연장전에는 김우재 감독의 용병술이 빛났다.   김 감독의 판단으로 투입된 신동현(연",
            "enclosure": {
                "link": "https://dimg.donga.com/i/150/150/90/wps/NEWS/IMAGE/2021/12/15/110794312.2.jpg",
                "type": "image/jpg"
            },
            "categories": []
        },
        {
            "title": "박항서호 베트남 vs 신태용호 인니, 오늘 밤 ‘코리안 더비’",
            "pubDate": "2021-12-15 02:10:00",
            "link": "https://www.donga.com/news/Sports/article/all/20211215/110794417/1",
            "guid": "c2cd20a9692349011b3199f4bcf6e424",
            "author": "",
            "thumbnail": "https://dimg.donga.com/i/150/150/90/wps/NEWS/IMAGE/2021/12/15/110794322.2.jpg",
            "description": "\n<img src=\"https://dimg.donga.com/i/150/150/90/wps/NEWS/IMAGE/2021/12/15/110794322.2.jpg\" align=\"left\" vspace=\"10\" hspace=\"10\"> 박항서(62) 감독의 베트남과 신태용(51) 감독의 인도네시아가 오늘 밤 ‘동남아월드컵’으로 불리는 스즈키컵에서 격돌한다.  베트남과 인도네시아는 15일 저녁 9시30분(한국시간) 싱가포르에서 2020 아세안축구연맹(AFF) 챔피언십(스즈키컵) 조별리그 B조 조별리그 3차전을 치른다.  두 팀은 나란히 2연승(승점 6)을 달리고 있다. 인도네시아가 골득실(+6)에서 베트남(+5)을 근소하게 앞서 조 선두다.  B조에는 베트남, 인도네시아와 함께 말레이시아, 캄보디아, 라오스가 경쟁한다.  ‘디펜딩 챔피언’ 베트남은 앞선 2경기에서 라오스(2-0 승), 말레이시아(3-0 승)를 상대로 무실점을 기록했다.  2022 카타르월드컵 아시아 지역 최종예선에 사상 최초로 올라 최하위로 고전 중이지만, 동남아시아 국가들과 경기에선 압도적인 우위를 이어가고 있다.  베트남은 2008년과 2018년에 이어 통산 3번째이자 대회 2연패에 도전한다.  인도네시아는 캄보디아(4-2 승), 라오스(5-1 승)를 상대",
            "content": "\n<img src=\"https://dimg.donga.com/i/150/150/90/wps/NEWS/IMAGE/2021/12/15/110794322.2.jpg\" align=\"left\" vspace=\"10\" hspace=\"10\"> 박항서(62) 감독의 베트남과 신태용(51) 감독의 인도네시아가 오늘 밤 ‘동남아월드컵’으로 불리는 스즈키컵에서 격돌한다.  베트남과 인도네시아는 15일 저녁 9시30분(한국시간) 싱가포르에서 2020 아세안축구연맹(AFF) 챔피언십(스즈키컵) 조별리그 B조 조별리그 3차전을 치른다.  두 팀은 나란히 2연승(승점 6)을 달리고 있다. 인도네시아가 골득실(+6)에서 베트남(+5)을 근소하게 앞서 조 선두다.  B조에는 베트남, 인도네시아와 함께 말레이시아, 캄보디아, 라오스가 경쟁한다.  ‘디펜딩 챔피언’ 베트남은 앞선 2경기에서 라오스(2-0 승), 말레이시아(3-0 승)를 상대로 무실점을 기록했다.  2022 카타르월드컵 아시아 지역 최종예선에 사상 최초로 올라 최하위로 고전 중이지만, 동남아시아 국가들과 경기에선 압도적인 우위를 이어가고 있다.  베트남은 2008년과 2018년에 이어 통산 3번째이자 대회 2연패에 도전한다.  인도네시아는 캄보디아(4-2 승), 라오스(5-1 승)를 상대",
            "enclosure": {
                "link": "https://dimg.donga.com/i/150/150/90/wps/NEWS/IMAGE/2021/12/15/110794322.2.jpg",
                "type": "image/jpg"
            },
            "categories": []
        },
        {
            "title": "NBA, 코로나에 몸살…브루클린 선수 7명 격리",
            "pubDate": "2021-12-15 01:01:00",
            "link": "https://www.donga.com/news/Sports/article/all/20211215/110792492/1",
            "guid": "b40ae79f1fb996cca0a707d5b55f97ab",
            "author": "",
            "thumbnail": "https://dimg.donga.com/i/150/150/90/wps/NEWS/IMAGE/2021/12/15/110792359.2.jpg",
            "description": "\n<img src=\"https://dimg.donga.com/i/150/150/90/wps/NEWS/IMAGE/2021/12/15/110792359.2.jpg\" align=\"left\" vspace=\"10\" hspace=\"10\"> 미국프로농구(NBA)가 코로나19 때문에 몸살을 앓고 있다. 시카고 불스의 경기가 취소된데 이어 브루클린 네츠에서도 코로나19로 인한 격리 선수가 대거 발생했다.   브루클린 구단은 15일(한국시간) 토론토 랩터스와의 경기를 앞두고 “제임스 하든을 비롯해 7명의 선수가 격리 조치됐다”고 밝혔다.   주전급 선수들이 대거 격리됐다.   베테랑 폴 밀샙이 지난 14일 코로나19 관련 프로토콜 적용을 받아 전력에서 이탈한 것이 시작이다. 이날 주전으로 뛰는 라마커스 알드리지와 디안드레 벰브리, 제임스 존슨, 제본 카터가 격리됐고, 이어 하든과 브루스 브라운도 격리 선수 명단에 포함됐다.  주전 포워드 케빈 듀란트가 오른 발목 부상을 당한 상황이라 브루클린은 8명을 빼고 토론토와 경기를 치르게 됐다.  이날 LA 레이커스도 코로나19로 차질이 생겼다.   레이커스는 댈러스 원정길에 오르기 전 훈련을 진행할 예정이었지만, 가드 테일렌 호튼-터커가 코로나19 확진 판정을 받아 이를 취소했다.  레이커스는",
            "content": "\n<img src=\"https://dimg.donga.com/i/150/150/90/wps/NEWS/IMAGE/2021/12/15/110792359.2.jpg\" align=\"left\" vspace=\"10\" hspace=\"10\"> 미국프로농구(NBA)가 코로나19 때문에 몸살을 앓고 있다. 시카고 불스의 경기가 취소된데 이어 브루클린 네츠에서도 코로나19로 인한 격리 선수가 대거 발생했다.   브루클린 구단은 15일(한국시간) 토론토 랩터스와의 경기를 앞두고 “제임스 하든을 비롯해 7명의 선수가 격리 조치됐다”고 밝혔다.   주전급 선수들이 대거 격리됐다.   베테랑 폴 밀샙이 지난 14일 코로나19 관련 프로토콜 적용을 받아 전력에서 이탈한 것이 시작이다. 이날 주전으로 뛰는 라마커스 알드리지와 디안드레 벰브리, 제임스 존슨, 제본 카터가 격리됐고, 이어 하든과 브루스 브라운도 격리 선수 명단에 포함됐다.  주전 포워드 케빈 듀란트가 오른 발목 부상을 당한 상황이라 브루클린은 8명을 빼고 토론토와 경기를 치르게 됐다.  이날 LA 레이커스도 코로나19로 차질이 생겼다.   레이커스는 댈러스 원정길에 오르기 전 훈련을 진행할 예정이었지만, 가드 테일렌 호튼-터커가 코로나19 확진 판정을 받아 이를 취소했다.  레이커스는",
            "enclosure": {
                "link": "https://dimg.donga.com/i/150/150/90/wps/NEWS/IMAGE/2021/12/15/110792359.2.jpg",
                "type": "image/jpg"
            },
            "categories": []
        },
        {
            "title": "스테판 커리, 레이 알렌 제치고 NBA 통산 최다 3점슛 1위 등극",
            "pubDate": "2021-12-15 01:01:00",
            "link": "https://www.donga.com/news/Sports/article/all/20211215/110792487/1",
            "guid": "8b693eccd71396ce23fd8772f3f3a225",
            "author": "",
            "thumbnail": "",
            "description": "골든스테이트 워리어스의 스테판 커리가 미국프로농구(NBA) 통산 최다 3점슛 1위에 올라섰다.  골든스테이트는 15일(한국시간) 미국 뉴욕주 뉴욕의 매디슨 스퀘어 가든에서 뉴욕 닉스와 격돌했다.   이 경기 전까지 커리는 총 2972개의 3점슛을 성공시켜 역대 3점슛 2위에 올라있었다. 이날 3점슛 2개만 추가하면 단독 1위가 될 수 있었기에 커리의 대기록 달성에 대한 기대감은 매우 높았다.  커리는 경기 시작 후 약 1분 만에 첫 3점슛을 성공시켰다. 하프코트 라인을 넘은 뒤 드리블로 공간을 만든 다음 지체 없이 3점슛을 시도, 깨끗하게 림을 통과 시켰다. 이는 커리의 통산 2973번째로 레이 알렌의 역대 최다 3점슛 기록(2973개)과 타이가 됐다.  커리가 역대 3점슛 단독 1위로 올라서기까지는 오랜 시간이 걸리지 않았다. 2번째 3점슛을 실패했던 커리는 1쿼터 7분33초 기념비적인 3점슛을 추가했다. 이로써 커리는 알렌을 제치고 역대 3점슛 1위로 올라섰다.  커리가 대기록을 세우자 경기는 작전타",
            "content": "골든스테이트 워리어스의 스테판 커리가 미국프로농구(NBA) 통산 최다 3점슛 1위에 올라섰다.  골든스테이트는 15일(한국시간) 미국 뉴욕주 뉴욕의 매디슨 스퀘어 가든에서 뉴욕 닉스와 격돌했다.   이 경기 전까지 커리는 총 2972개의 3점슛을 성공시켜 역대 3점슛 2위에 올라있었다. 이날 3점슛 2개만 추가하면 단독 1위가 될 수 있었기에 커리의 대기록 달성에 대한 기대감은 매우 높았다.  커리는 경기 시작 후 약 1분 만에 첫 3점슛을 성공시켰다. 하프코트 라인을 넘은 뒤 드리블로 공간을 만든 다음 지체 없이 3점슛을 시도, 깨끗하게 림을 통과 시켰다. 이는 커리의 통산 2973번째로 레이 알렌의 역대 최다 3점슛 기록(2973개)과 타이가 됐다.  커리가 역대 3점슛 단독 1위로 올라서기까지는 오랜 시간이 걸리지 않았다. 2번째 3점슛을 실패했던 커리는 1쿼터 7분33초 기념비적인 3점슛을 추가했다. 이로써 커리는 알렌을 제치고 역대 3점슛 1위로 올라섰다.  커리가 대기록을 세우자 경기는 작전타",
            "enclosure": {},
            "categories": []
        },
        {
            "title": "이다영의 PAOK, 유럽배구연맹컵서 졸전 끝 완패…8강 진출 실패",
            "pubDate": "2021-12-15 00:36:00",
            "link": "https://www.donga.com/news/Sports/article/all/20211215/110791863/1",
            "guid": "8523bdcb3907f57bb72fa3640d7d067f",
            "author": "",
            "thumbnail": "https://dimg.donga.com/i/150/150/90/wps/NEWS/IMAGE/2021/12/15/110791929.2.jpg",
            "description": "\n<img src=\"https://dimg.donga.com/i/150/150/90/wps/NEWS/IMAGE/2021/12/15/110791929.2.jpg\" align=\"left\" vspace=\"10\" hspace=\"10\">이다영이 뛰는 그리스 여자 프로배구 PAOK가 유럽배구연맹(CEV)컵 8강 진출에 실패했다. PAOK는 15일(한국시간) 루마니아 시비우에서 열린 2022 CEV컵 16강 2차전에서 CSM 볼레이 알바(루마니아)에 0-3(11-25 20-25 19-25)으로 완패했다. 1차전에서 1-3으로 졌던 PAOK는 승리가 절실했던 2차전마저 패하며 8강에서 대회를 마감했다. 이로써 ‘쌍둥이 자매’를 영입해 그리스 리그는 물론 CEV컵 호성적까지 노렸던 PAOK는 기대에 미치지 못하는 아쉬운 결과를 안게 됐다. 이다영은 선발 출전했지만 팀의 부진 속에 힘을 내지 못하다 2세트 중반 벤치로 물러났다. PAOK는 졸전에 가까운 경기를 펼쳤고 이다영의 교체 후에도 이렇다 할 반등을 하지 못하면서 1시간6분 만에 완패했다.(서울=뉴스1)",
            "content": "\n<img src=\"https://dimg.donga.com/i/150/150/90/wps/NEWS/IMAGE/2021/12/15/110791929.2.jpg\" align=\"left\" vspace=\"10\" hspace=\"10\">이다영이 뛰는 그리스 여자 프로배구 PAOK가 유럽배구연맹(CEV)컵 8강 진출에 실패했다. PAOK는 15일(한국시간) 루마니아 시비우에서 열린 2022 CEV컵 16강 2차전에서 CSM 볼레이 알바(루마니아)에 0-3(11-25 20-25 19-25)으로 완패했다. 1차전에서 1-3으로 졌던 PAOK는 승리가 절실했던 2차전마저 패하며 8강에서 대회를 마감했다. 이로써 ‘쌍둥이 자매’를 영입해 그리스 리그는 물론 CEV컵 호성적까지 노렸던 PAOK는 기대에 미치지 못하는 아쉬운 결과를 안게 됐다. 이다영은 선발 출전했지만 팀의 부진 속에 힘을 내지 못하다 2세트 중반 벤치로 물러났다. PAOK는 졸전에 가까운 경기를 펼쳤고 이다영의 교체 후에도 이렇다 할 반등을 하지 못하면서 1시간6분 만에 완패했다.(서울=뉴스1)",
            "enclosure": {
                "link": "https://dimg.donga.com/i/150/150/90/wps/NEWS/IMAGE/2021/12/15/110791929.2.jpg",
                "type": "image/jpg"
            },
            "categories": []
        },
        {
            "title": "컬링 팀킴, 에스토니아 격파…올림픽 자격대회 단독 1위",
            "pubDate": "2021-12-14 23:36:00",
            "link": "https://www.donga.com/news/Sports/article/all/20211215/110790875/1",
            "guid": "23576f65a66c25e3dfb52714332a5a09",
            "author": "",
            "thumbnail": "https://dimg.donga.com/i/150/150/90/wps/NEWS/IMAGE/2021/12/15/110790802.2.jpg",
            "description": "\n<img src=\"https://dimg.donga.com/i/150/150/90/wps/NEWS/IMAGE/2021/12/15/110790802.2.jpg\" align=\"left\" vspace=\"10\" hspace=\"10\"> 한국 여자컬링 대표팀인 팀킴(강릉시청)이 2022 베이징동계올림픽 진출에 한 발 더 다가섰다.  스킵 김은정, 리드 김선영, 세컨드 김초희, 서드 김경애, 후보 김영미로 이뤄진 팀킴은 15일(한국시간) 네덜란드 레이와르던에서 열린 베이징동계올림픽 자격대회 여자 4인조 예선 6차전에서 에스토니아를 10-5로 격파했다.  4연승을 달린 팀킴은 5승1패로 일본(4승1패)을 제치고 단독 1위가 됐다.  9개국이 참가한 남녀 4인조 올림픽 자격대회에는 총 3장의 베이징행 티켓이 걸려있다. 풀리그 방식의 예선 1위팀은 결선 없이 베이징에 직행하고, 2위와 3위팀 간 맞대결 승리팀이 1장을 가져간다. 여기서 패한 팀은 4위와 경기를 치러 마지막 티켓의 주인을 가린다.  팀킴은 3-3으로 맞선 5엔드에서 2점을 뽑아 리드를 잡았다. 6엔드에서도 2점을 추가해 격차를 벌리더니 7-5로 앞선 8엔드에는 3득점으로 쐐기를 박았다.  임명섭 코치는 “빙질이 조금 바뀌었는데 선수들이 잘 적응했다”고 돌아봤다.  일본",
            "content": "\n<img src=\"https://dimg.donga.com/i/150/150/90/wps/NEWS/IMAGE/2021/12/15/110790802.2.jpg\" align=\"left\" vspace=\"10\" hspace=\"10\"> 한국 여자컬링 대표팀인 팀킴(강릉시청)이 2022 베이징동계올림픽 진출에 한 발 더 다가섰다.  스킵 김은정, 리드 김선영, 세컨드 김초희, 서드 김경애, 후보 김영미로 이뤄진 팀킴은 15일(한국시간) 네덜란드 레이와르던에서 열린 베이징동계올림픽 자격대회 여자 4인조 예선 6차전에서 에스토니아를 10-5로 격파했다.  4연승을 달린 팀킴은 5승1패로 일본(4승1패)을 제치고 단독 1위가 됐다.  9개국이 참가한 남녀 4인조 올림픽 자격대회에는 총 3장의 베이징행 티켓이 걸려있다. 풀리그 방식의 예선 1위팀은 결선 없이 베이징에 직행하고, 2위와 3위팀 간 맞대결 승리팀이 1장을 가져간다. 여기서 패한 팀은 4위와 경기를 치러 마지막 티켓의 주인을 가린다.  팀킴은 3-3으로 맞선 5엔드에서 2점을 뽑아 리드를 잡았다. 6엔드에서도 2점을 추가해 격차를 벌리더니 7-5로 앞선 8엔드에는 3득점으로 쐐기를 박았다.  임명섭 코치는 “빙질이 조금 바뀌었는데 선수들이 잘 적응했다”고 돌아봤다.  일본",
            "enclosure": {
                "link": "https://dimg.donga.com/i/150/150/90/wps/NEWS/IMAGE/2021/12/15/110790802.2.jpg",
                "type": "image/jpg"
            },
            "categories": []
        }
    ]
}